,result
2021-10-30 09:29:29.446669,SLOT PADA TARIKH 30-10-2021 TELAH PENUH. PILIH TARIKH YANG LAIN
2021-10-31 09:29:29.446669,SLOT PADA TARIKH 31-10-2021 TELAH PENUH. PILIH TARIKH YANG LAIN
2021-11-01 09:29:29.446669,SLOT PADA TARIKH 01-11-2021 TELAH PENUH. PILIH TARIKH YANG LAIN
2021-11-02 09:29:29.446669,SLOT PADA TARIKH 02-11-2021 TELAH PENUH. PILIH TARIKH YANG LAIN
2021-11-03 09:29:29.446669,SLOT PADA TARIKH 03-11-2021 TELAH PENUH. PILIH TARIKH YANG LAIN
2021-11-04 09:29:29.446669,"TARIKH / DATE SLOT AVAILABLE CHOOSE
04-11-2021 9.00 - 10.00 AM
04-11-2021 8.00 - 9.00 AM
04-11-2021 11.00 - 12.00 PM
04-11-2021 10.00 - 11.00 AM"
2021-11-05 09:29:29.446669,SLOT PADA TARIKH 05-11-2021 TELAH PENUH. PILIH TARIKH YANG LAIN
2021-11-06 09:29:29.446669,SLOT PADA TARIKH 06-11-2021 TELAH PENUH. PILIH TARIKH YANG LAIN
2021-11-07 09:29:29.446669,SLOT PADA TARIKH 07-11-2021 TELAH PENUH. PILIH TARIKH YANG LAIN
2021-11-08 09:29:29.446669,SLOT PADA TARIKH 08-11-2021 TELAH PENUH. PILIH TARIKH YANG LAIN
2021-11-09 09:29:29.446669,SLOT PADA TARIKH 09-11-2021 TELAH PENUH. PILIH TARIKH YANG LAIN
2021-11-10 09:29:29.446669,SLOT PADA TARIKH 10-11-2021 TELAH PENUH. PILIH TARIKH YANG LAIN
2021-11-11 09:29:29.446669,SLOT PADA TARIKH 11-11-2021 TELAH PENUH. PILIH TARIKH YANG LAIN
2021-11-12 09:29:29.446669,SLOT PADA TARIKH 12-11-2021 TELAH PENUH. PILIH TARIKH YANG LAIN
2021-11-13 09:29:29.446669,SLOT PADA TARIKH 13-11-2021 TELAH PENUH. PILIH TARIKH YANG LAIN
2021-11-14 09:29:29.446669,SLOT PADA TARIKH 14-11-2021 TELAH PENUH. PILIH TARIKH YANG LAIN
2021-11-15 09:29:29.446669,SLOT PADA TARIKH 15-11-2021 TELAH PENUH. PILIH TARIKH YANG LAIN
2021-11-16 09:29:29.446669,SLOT PADA TARIKH 16-11-2021 TELAH PENUH. PILIH TARIKH YANG LAIN
2021-11-17 09:29:29.446669,SLOT PADA TARIKH 17-11-2021 TELAH PENUH. PILIH TARIKH YANG LAIN
2021-11-18 09:29:29.446669,SLOT PADA TARIKH 18-11-2021 TELAH PENUH. PILIH TARIKH YANG LAIN
2021-11-19 09:29:29.446669,SLOT PADA TARIKH 19-11-2021 TELAH PENUH. PILIH TARIKH YANG LAIN
2021-11-20 09:29:29.446669,SLOT PADA TARIKH 20-11-2021 TELAH PENUH. PILIH TARIKH YANG LAIN
2021-11-21 09:29:29.446669,SLOT PADA TARIKH 21-11-2021 TELAH PENUH. PILIH TARIKH YANG LAIN
2021-11-22 09:29:29.446669,SLOT PADA TARIKH 22-11-2021 TELAH PENUH. PILIH TARIKH YANG LAIN
2021-11-23 09:29:29.446669,SLOT PADA TARIKH 23-11-2021 TELAH PENUH. PILIH TARIKH YANG LAIN
2021-11-24 09:29:29.446669,SLOT PADA TARIKH 24-11-2021 TELAH PENUH. PILIH TARIKH YANG LAIN
2021-11-25 09:29:29.446669,SLOT PADA TARIKH 25-11-2021 TELAH PENUH. PILIH TARIKH YANG LAIN
2021-11-26 09:29:29.446669,SLOT PADA TARIKH 26-11-2021 TELAH PENUH. PILIH TARIKH YANG LAIN
2021-11-27 09:29:29.446669,SLOT PADA TARIKH 27-11-2021 TELAH PENUH. PILIH TARIKH YANG LAIN
2021-11-28 09:29:29.446669,SLOT PADA TARIKH 28-11-2021 TELAH PENUH. PILIH TARIKH YANG LAIN
2021-11-29 09:29:29.446669,SLOT PADA TARIKH 29-11-2021 TELAH PENUH. PILIH TARIKH YANG LAIN
2021-11-30 09:29:29.446669,SLOT PADA TARIKH 30-11-2021 TELAH PENUH. PILIH TARIKH YANG LAIN
2021-12-01 09:29:29.446669,SLOT PADA TARIKH 01-12-2021 TELAH PENUH. PILIH TARIKH YANG LAIN
2021-12-02 09:29:29.446669,SLOT PADA TARIKH 02-12-2021 TELAH PENUH. PILIH TARIKH YANG LAIN
2021-12-03 09:29:29.446669,SLOT PADA TARIKH 03-12-2021 TELAH PENUH. PILIH TARIKH YANG LAIN
2021-12-04 09:29:29.446669,SLOT PADA TARIKH 04-12-2021 TELAH PENUH. PILIH TARIKH YANG LAIN
2021-12-05 09:29:29.446669,SLOT PADA TARIKH 05-12-2021 TELAH PENUH. PILIH TARIKH YANG LAIN
2021-12-06 09:29:29.446669,SLOT PADA TARIKH 06-12-2021 TELAH PENUH. PILIH TARIKH YANG LAIN
2021-12-07 09:29:29.446669,SLOT PADA TARIKH 07-12-2021 TELAH PENUH. PILIH TARIKH YANG LAIN
2021-12-08 09:29:29.446669,SLOT PADA TARIKH 08-12-2021 TELAH PENUH. PILIH TARIKH YANG LAIN
2021-12-09 09:29:29.446669,SLOT PADA TARIKH 09-12-2021 TELAH PENUH. PILIH TARIKH YANG LAIN
2021-12-10 09:29:29.446669,SLOT PADA TARIKH 10-12-2021 TELAH PENUH. PILIH TARIKH YANG LAIN
2021-12-11 09:29:29.446669,SLOT PADA TARIKH 11-12-2021 TELAH PENUH. PILIH TARIKH YANG LAIN
2021-12-12 09:29:29.446669,SLOT PADA TARIKH 12-12-2021 TELAH PENUH. PILIH TARIKH YANG LAIN
2021-12-13 09:29:29.446669,SLOT PADA TARIKH 13-12-2021 TELAH PENUH. PILIH TARIKH YANG LAIN
2021-12-14 09:29:29.446669,SLOT PADA TARIKH 14-12-2021 TELAH PENUH. PILIH TARIKH YANG LAIN
2021-12-15 09:29:29.446669,SLOT PADA TARIKH 15-12-2021 TELAH PENUH. PILIH TARIKH YANG LAIN
2021-12-16 09:29:29.446669,SLOT PADA TARIKH 16-12-2021 TELAH PENUH. PILIH TARIKH YANG LAIN
2021-12-17 09:29:29.446669,SLOT PADA TARIKH 17-12-2021 TELAH PENUH. PILIH TARIKH YANG LAIN
2021-12-18 09:29:29.446669,SLOT PADA TARIKH 18-12-2021 TELAH PENUH. PILIH TARIKH YANG LAIN
2021-12-19 09:29:29.446669,SLOT PADA TARIKH 19-12-2021 TELAH PENUH. PILIH TARIKH YANG LAIN
2021-12-20 09:29:29.446669,SLOT PADA TARIKH 20-12-2021 TELAH PENUH. PILIH TARIKH YANG LAIN
2021-12-21 09:29:29.446669,SLOT PADA TARIKH 21-12-2021 TELAH PENUH. PILIH TARIKH YANG LAIN
2021-12-22 09:29:29.446669,SLOT PADA TARIKH 22-12-2021 TELAH PENUH. PILIH TARIKH YANG LAIN
2021-12-23 09:29:29.446669,SLOT PADA TARIKH 23-12-2021 TELAH PENUH. PILIH TARIKH YANG LAIN
2021-12-24 09:29:29.446669,SLOT PADA TARIKH 24-12-2021 TELAH PENUH. PILIH TARIKH YANG LAIN
2021-12-25 09:29:29.446669,SLOT PADA TARIKH 25-12-2021 TELAH PENUH. PILIH TARIKH YANG LAIN
2021-12-26 09:29:29.446669,SLOT PADA TARIKH 26-12-2021 TELAH PENUH. PILIH TARIKH YANG LAIN
2021-12-27 09:29:29.446669,SLOT PADA TARIKH 27-12-2021 TELAH PENUH. PILIH TARIKH YANG LAIN
2021-12-28 09:29:29.446669,SLOT PADA TARIKH 28-12-2021 TELAH PENUH. PILIH TARIKH YANG LAIN
2021-12-29 09:29:29.446669,SLOT PADA TARIKH 29-12-2021 TELAH PENUH. PILIH TARIKH YANG LAIN
2021-12-30 09:29:29.446669,SLOT PADA TARIKH 30-12-2021 TELAH PENUH. PILIH TARIKH YANG LAIN
2021-12-31 09:29:29.446669,SLOT PADA TARIKH 31-12-2021 TELAH PENUH. PILIH TARIKH YANG LAIN
2022-01-01 09:29:29.446669,SLOT PADA TARIKH 01-01-2022 TELAH PENUH. PILIH TARIKH YANG LAIN
2022-01-02 09:29:29.446669,SLOT PADA TARIKH 02-01-2022 TELAH PENUH. PILIH TARIKH YANG LAIN
2022-01-03 09:29:29.446669,SLOT PADA TARIKH 03-01-2022 TELAH PENUH. PILIH TARIKH YANG LAIN
2022-01-04 09:29:29.446669,SLOT PADA TARIKH 04-01-2022 TELAH PENUH. PILIH TARIKH YANG LAIN
2022-01-05 09:29:29.446669,SLOT PADA TARIKH 05-01-2022 TELAH PENUH. PILIH TARIKH YANG LAIN
2022-01-06 09:29:29.446669,SLOT PADA TARIKH 06-01-2022 TELAH PENUH. PILIH TARIKH YANG LAIN
2022-01-07 09:29:29.446669,SLOT PADA TARIKH 07-01-2022 TELAH PENUH. PILIH TARIKH YANG LAIN
2022-01-08 09:29:29.446669,SLOT PADA TARIKH 08-01-2022 TELAH PENUH. PILIH TARIKH YANG LAIN
2022-01-09 09:29:29.446669,SLOT PADA TARIKH 09-01-2022 TELAH PENUH. PILIH TARIKH YANG LAIN
2022-01-10 09:29:29.446669,SLOT PADA TARIKH 10-01-2022 TELAH PENUH. PILIH TARIKH YANG LAIN
2022-01-11 09:29:29.446669,SLOT PADA TARIKH 11-01-2022 TELAH PENUH. PILIH TARIKH YANG LAIN
2022-01-12 09:29:29.446669,SLOT PADA TARIKH 12-01-2022 TELAH PENUH. PILIH TARIKH YANG LAIN
2022-01-13 09:29:29.446669,SLOT PADA TARIKH 13-01-2022 TELAH PENUH. PILIH TARIKH YANG LAIN
2022-01-14 09:29:29.446669,SLOT PADA TARIKH 14-01-2022 TELAH PENUH. PILIH TARIKH YANG LAIN
2022-01-15 09:29:29.446669,SLOT PADA TARIKH 15-01-2022 TELAH PENUH. PILIH TARIKH YANG LAIN
2022-01-16 09:29:29.446669,SLOT PADA TARIKH 16-01-2022 TELAH PENUH. PILIH TARIKH YANG LAIN
2022-01-17 09:29:29.446669,SLOT PADA TARIKH 17-01-2022 TELAH PENUH. PILIH TARIKH YANG LAIN
2022-01-18 09:29:29.446669,"TARIKH / DATE SLOT AVAILABLE CHOOSE
18-01-2022 9.00 - 10.00 AM
18-01-2022 8.00 - 9.00 AM
18-01-2022 2.00 - 3.00 PM
18-01-2022 11.00 - 12.00 PM
18-01-2022 10.00 - 11.00 AM"
2022-01-19 09:29:29.446669,SLOT PADA TARIKH 19-01-2022 TELAH PENUH. PILIH TARIKH YANG LAIN
2022-01-20 09:29:29.446669,SLOT PADA TARIKH 20-01-2022 TELAH PENUH. PILIH TARIKH YANG LAIN
2022-01-21 09:29:29.446669,SLOT PADA TARIKH 21-01-2022 TELAH PENUH. PILIH TARIKH YANG LAIN
2022-01-22 09:29:29.446669,SLOT PADA TARIKH 22-01-2022 TELAH PENUH. PILIH TARIKH YANG LAIN
2022-01-23 09:29:29.446669,SLOT PADA TARIKH 23-01-2022 TELAH PENUH. PILIH TARIKH YANG LAIN
2022-01-24 09:29:29.446669,SLOT PADA TARIKH 24-01-2022 TELAH PENUH. PILIH TARIKH YANG LAIN
2022-01-25 09:29:29.446669,SLOT PADA TARIKH 25-01-2022 TELAH PENUH. PILIH TARIKH YANG LAIN
2022-01-26 09:29:29.446669,SLOT PADA TARIKH 26-01-2022 TELAH PENUH. PILIH TARIKH YANG LAIN
2022-01-27 09:29:29.446669,SLOT PADA TARIKH 27-01-2022 TELAH PENUH. PILIH TARIKH YANG LAIN
2022-01-28 09:29:29.446669,SLOT PADA TARIKH 28-01-2022 TELAH PENUH. PILIH TARIKH YANG LAIN
2022-01-29 09:29:29.446669,SLOT PADA TARIKH 29-01-2022 TELAH PENUH. PILIH TARIKH YANG LAIN
2022-01-30 09:29:29.446669,SLOT PADA TARIKH 30-01-2022 TELAH PENUH. PILIH TARIKH YANG LAIN
2022-01-31 09:29:29.446669,"TARIKH / DATE SLOT AVAILABLE CHOOSE
31-01-2022 9.00 - 10.00 AM
31-01-2022 8.00 - 9.00 AM
31-01-2022 2.00 - 3.00 PM
31-01-2022 11.00 - 12.00 PM
31-01-2022 10.00 - 11.00 AM"
2022-02-01 09:29:29.446669,"TARIKH / DATE SLOT AVAILABLE CHOOSE
01-02-2022 9.00 - 10.00 AM
01-02-2022 8.00 - 9.00 AM
01-02-2022 2.00 - 3.00 PM
01-02-2022 11.00 - 12.00 PM
01-02-2022 10.00 - 11.00 AM"
2022-02-02 09:29:29.446669,"TARIKH / DATE SLOT AVAILABLE CHOOSE
02-02-2022 9.00 - 10.00 AM
02-02-2022 8.00 - 9.00 AM
02-02-2022 2.00 - 3.00 PM
02-02-2022 11.00 - 12.00 PM
02-02-2022 10.00 - 11.00 AM"
2022-02-03 09:29:29.446669,"TARIKH / DATE SLOT AVAILABLE CHOOSE
03-02-2022 9.00 - 10.00 AM
03-02-2022 8.00 - 9.00 AM
03-02-2022 11.00 - 12.00 PM
03-02-2022 10.00 - 11.00 AM"
2022-02-04 09:29:29.446669,SLOT PADA TARIKH 04-02-2022 TELAH PENUH. PILIH TARIKH YANG LAIN
2022-02-05 09:29:29.446669,SLOT PADA TARIKH 05-02-2022 TELAH PENUH. PILIH TARIKH YANG LAIN
2022-02-06 09:29:29.446669,"TARIKH / DATE SLOT AVAILABLE CHOOSE
06-02-2022 9.00 - 10.00 AM
06-02-2022 8.00 - 9.00 AM
06-02-2022 2.00 - 3.00 PM
06-02-2022 11.00 - 12.00 PM
06-02-2022 10.00 - 11.00 AM"
